,index,price,area,bedrooms,bathrooms,stories,mainroad,guestroom,basement,hotwaterheating,airconditioning,parking,prefarea,furnishingstatus
0,0,13900000,7420,4,2,3,yes,no,no,no,yes,2,yes,furnished
1,2,12970000,9960,3,2,2,yes,no,yes,no,no,2,yes,semi-furnished
2,3,12490000,7500,4,2,2,yes,no,yes,no,yes,3,yes,furnished
3,1,12440000,8960,4,4,4,yes,no,no,no,yes,3,no,furnished
4,4,11730000,7420,4,1,2,yes,yes,yes,no,yes,2,no,furnished
5,5,11460000,7500,3,3,1,yes,no,yes,no,yes,2,yes,semi-furnished
6,7,10730000,16200,5,3,2,yes,no,no,no,no,0,no,unfurnished
7,6,10510000,8580,4,3,4,yes,no,no,no,yes,2,yes,semi-furnished
8,8,10230000,8100,4,1,2,yes,yes,yes,no,yes,2,yes,furnished
9,11,10060000,6000,4,3,2,yes,yes,yes,yes,no,2,no,semi-furnished
10,9,10000000,5750,3,2,4,yes,yes,no,no,yes,1,yes,unfurnished
11,10,9980000,13200,3,1,2,yes,no,yes,no,yes,2,yes,furnished
12,12,9520000,6550,4,2,2,yes,no,no,no,yes,1,yes,semi-furnished
13,16,9480000,6600,4,2,2,yes,yes,yes,no,yes,1,yes,unfurnished
14,17,9470000,8500,3,2,4,yes,no,no,no,yes,2,no,furnished
15,18,9400000,4600,3,2,2,yes,yes,no,no,yes,2,no,furnished
16,13,9330000,3500,4,2,2,yes,no,no,yes,no,2,no,furnished
17,14,9290000,7800,3,2,2,yes,no,no,no,no,0,yes,semi-furnished
18,19,9260000,6420,3,2,2,yes,no,no,no,yes,1,yes,semi-furnished
19,15,9250000,6000,4,1,2,yes,no,yes,no,no,2,no,semi-furnished
20,21,9130000,7155,3,2,1,yes,yes,yes,no,yes,2,no,unfurnished
21,20,9070000,4320,3,1,2,yes,no,yes,yes,no,2,no,semi-furnished
22,23,8950000,4560,3,2,2,yes,yes,yes,no,yes,1,no,furnished
23,25,8940000,6540,4,2,2,yes,yes,yes,no,yes,2,yes,furnished
24,24,8900000,8800,3,2,2,yes,no,no,no,yes,2,no,furnished
25,26,8840000,6000,3,2,4,yes,yes,yes,no,yes,0,yes,semi-furnished
26,22,8780000,8050,3,1,1,yes,yes,yes,no,yes,1,no,furnished
27,31,8660000,7000,3,1,4,yes,no,no,no,yes,2,no,semi-furnished
28,33,8570000,5960,3,3,2,yes,yes,yes,no,no,1,no,unfurnished
29,29,8510000,5500,4,2,2,yes,no,yes,no,yes,1,yes,semi-furnished
30,34,8470000,6840,5,1,2,yes,yes,yes,no,yes,1,no,furnished
31,28,8420000,7950,5,2,2,yes,no,yes,yes,no,2,no,unfurnished
32,30,8410000,7475,3,2,4,yes,no,no,no,yes,2,no,unfurnished
33,27,8410000,8875,3,1,1,yes,no,no,no,no,1,no,semi-furnished
34,39,8330000,6000,4,2,4,yes,no,no,no,yes,1,no,semi-furnished
35,32,8300000,4880,4,2,2,yes,no,no,no,yes,1,yes,furnished
36,38,8280000,6000,3,1,4,yes,yes,no,no,yes,2,no,unfurnished
37,37,8270000,9000,4,2,4,yes,no,no,no,yes,2,no,furnished
38,36,8210000,7482,3,2,3,yes,no,no,yes,no,1,yes,furnished
39,35,8170000,7000,3,2,4,yes,no,no,no,yes,2,no,furnished
40,42,8140000,6480,3,2,4,yes,no,no,no,yes,2,no,unfurnished
41,41,8100000,6360,3,2,4,yes,no,no,no,yes,0,yes,furnished
42,40,7970000,6550,3,1,2,yes,no,yes,no,yes,0,yes,furnished
43,45,7910000,6000,3,2,3,yes,no,no,no,yes,0,no,semi-furnished
44,46,7890000,6000,3,2,4,yes,no,no,no,yes,1,no,furnished
45,44,7780000,6000,4,2,4,yes,no,no,no,yes,1,no,furnished
46,51,7740000,6325,3,1,4,yes,no,no,no,yes,1,no,unfurnished
47,43,7700000,6000,4,2,4,yes,no,no,no,no,2,no,semi-furnished
48,56,7640000,11440,4,1,2,yes,no,yes,no,no,1,yes,semi-furnished
49,47,7640000,6600,3,1,4,yes,no,no,no,yes,3,yes,furnished
50,48,7620000,4300,3,2,2,yes,no,yes,no,no,1,no,unfurnished
51,50,7550000,7440,3,2,4,yes,no,no,no,no,1,yes,unfurnished
52,53,7550000,5150,3,2,4,yes,no,no,no,yes,2,no,semi-furnished
53,54,7550000,6000,3,2,2,yes,yes,no,no,yes,1,no,semi-furnished
54,49,7490000,7440,3,2,1,yes,yes,yes,no,yes,0,yes,semi-furnished
55,52,7480000,6000,4,2,4,yes,yes,no,no,yes,1,no,furnished
56,59,7430000,6000,3,2,4,yes,yes,no,no,yes,1,no,furnished
57,64,7410000,11175,3,1,1,yes,no,yes,no,yes,1,yes,furnished
58,57,7400000,9000,4,2,4,yes,yes,no,no,yes,1,yes,furnished
59,55,7360000,6000,3,1,2,yes,no,no,no,yes,1,no,unfurnished
60,58,7340000,7680,4,2,4,yes,yes,no,no,yes,1,no,semi-furnished
61,65,7330000,8880,3,2,2,yes,no,yes,no,yes,1,no,furnished
62,62,7320000,6240,4,2,2,yes,no,no,no,yes,1,no,furnished
63,60,7270000,6000,3,2,2,yes,yes,no,no,no,1,no,semi-furnished
64,63,7250000,6360,4,2,3,yes,no,no,no,yes,2,yes,furnished
65,67,7250000,7700,3,2,1,yes,no,no,no,no,2,no,unfurnished
66,61,7200000,8880,2,1,1,yes,no,no,no,yes,1,no,semi-furnished
67,66,7100000,13200,2,1,1,yes,no,yes,yes,no,1,no,furnished
68,70,7040000,4000,3,2,2,yes,no,yes,no,yes,0,yes,semi-furnished
69,76,7000000,6420,3,2,3,yes,no,no,no,yes,0,yes,furnished
70,72,6990000,5020,3,1,4,yes,no,no,no,yes,0,yes,unfurnished
71,71,6990000,6000,4,2,4,yes,no,no,no,yes,0,no,unfurnished
72,74,6980000,4040,3,1,2,yes,no,yes,yes,no,1,no,furnished
73,68,6940000,6000,3,1,1,yes,no,no,no,yes,1,no,furnished
74,83,6930000,6000,3,2,4,yes,no,no,no,yes,0,no,semi-furnished
75,69,6910000,12090,4,2,2,yes,no,no,no,no,2,yes,furnished
76,82,6880000,10500,3,2,1,yes,no,yes,no,yes,1,yes,furnished
77,73,6840000,6600,2,2,4,yes,no,yes,no,no,0,yes,furnished
78,77,6830000,6500,3,2,3,yes,no,no,no,yes,0,yes,furnished
79,86,6830000,6670,3,1,3,yes,no,yes,no,no,0,yes,unfurnished
80,88,6820000,7410,3,1,1,yes,yes,yes,no,yes,2,yes,unfurnished
81,78,6760000,5700,3,1,1,yes,yes,yes,no,yes,2,yes,furnished
82,79,6760000,6000,3,2,3,yes,yes,no,no,yes,0,no,furnished
83,89,6720000,8580,5,3,2,yes,no,no,no,no,2,no,furnished
84,91,6720000,6750,2,1,1,yes,yes,yes,no,no,2,yes,furnished
85,81,6710000,4000,3,2,2,yes,no,yes,no,yes,1,no,semi-furnished
86,84,6680000,3760,3,1,2,yes,no,no,yes,no,2,no,semi-furnished
87,75,6670000,4260,4,2,2,yes,no,no,yes,no,0,no,semi-furnished
88,94,6660000,6000,4,2,4,yes,no,no,no,no,1,no,semi-furnished
89,90,6660000,5000,3,1,2,yes,no,no,no,yes,0,no,semi-furnished
90,80,6640000,6000,3,1,2,yes,no,no,yes,no,1,yes,semi-furnished
91,85,6640000,8250,3,2,3,yes,no,no,no,yes,0,no,furnished
92,87,6630000,3960,3,1,1,yes,no,yes,no,no,2,no,semi-furnished
93,96,6500000,9000,3,1,1,yes,no,yes,no,no,1,yes,furnished
94,93,6490000,7200,3,2,1,yes,no,yes,no,yes,3,no,semi-furnished
95,95,6480000,4100,3,2,3,yes,no,no,no,yes,2,no,semi-furnished
96,97,6480000,6400,3,1,1,yes,yes,yes,no,yes,1,yes,semi-furnished
97,92,6470000,4800,3,2,4,yes,yes,no,no,yes,0,no,furnished
98,98,6460000,6600,3,2,3,yes,no,no,no,yes,0,yes,unfurnished
99,102,6440000,5500,3,2,4,yes,yes,no,no,yes,1,no,semi-furnished
100,105,6420000,4500,3,1,4,yes,no,no,no,yes,0,no,unfurnished
101,108,6370000,3240,4,1,3,yes,no,no,no,no,1,no,semi-furnished
102,113,6370000,9620,3,1,1,yes,no,yes,no,no,2,yes,furnished
103,101,6360000,5500,3,1,3,yes,no,no,no,no,1,yes,unfurnished
104,99,6360000,6000,4,1,3,yes,yes,yes,no,no,0,yes,unfurnished
105,125,6290000,15600,3,1,1,yes,no,no,no,yes,2,no,semi-furnished
106,100,6290000,6600,3,2,1,yes,no,yes,no,yes,0,yes,unfurnished
107,118,6280000,6420,3,1,1,yes,no,yes,no,yes,0,yes,furnished
108,117,6270000,3700,4,1,2,yes,yes,no,no,yes,0,no,furnished
109,106,6270000,5450,4,2,1,yes,no,yes,no,yes,0,yes,semi-furnished
110,103,6270000,6350,3,2,3,yes,yes,no,no,yes,0,no,furnished
111,114,6260000,6800,2,1,1,yes,yes,yes,no,no,2,no,furnished
112,104,6250000,5500,3,2,1,yes,yes,yes,no,no,2,yes,furnished
113,116,6250000,6900,3,2,1,yes,yes,yes,no,no,0,yes,unfurnished
114,109,6250000,6615,4,2,2,yes,yes,no,yes,no,1,no,semi-furnished
115,124,6220000,6525,3,2,4,yes,no,no,no,no,1,no,furnished
116,112,6200000,4300,6,2,2,yes,no,no,no,no,0,no,furnished
117,110,6170000,6600,3,1,1,yes,yes,yes,no,no,2,yes,semi-furnished
118,129,6150000,11460,3,1,3,yes,no,no,no,no,2,yes,semi-furnished
119,115,6150000,8000,3,1,1,yes,yes,yes,no,yes,2,yes,semi-furnished
120,126,6140000,7160,3,1,1,yes,no,yes,no,no,2,yes,unfurnished
121,133,6140000,4800,3,1,3,yes,no,no,no,yes,0,no,unfurnished
122,107,6140000,6420,3,1,3,yes,no,yes,no,no,0,yes,unfurnished
123,111,6130000,8372,3,1,3,yes,no,no,no,yes,2,no,unfurnished
124,127,6080000,6500,3,2,3,yes,no,no,no,yes,0,no,unfurnished
125,131,6050000,5828,4,1,4,yes,yes,no,no,no,0,no,semi-furnished
126,120,6040000,6540,3,1,1,yes,yes,yes,no,no,2,yes,furnished
127,123,6030000,7320,4,2,2,yes,no,no,no,no,0,no,furnished
128,128,6030000,5500,3,1,3,yes,yes,no,no,yes,1,no,furnished
129,137,5990000,4640,4,1,2,yes,no,no,no,no,1,no,semi-furnished
130,119,5980000,7020,3,1,1,yes,no,yes,no,yes,2,yes,semi-furnished
131,121,5970000,7231,3,1,2,yes,yes,yes,no,yes,0,yes,semi-furnished
132,134,5970000,7000,3,1,1,yes,no,yes,no,no,2,yes,semi-furnished
133,135,5970000,6000,3,2,4,yes,no,no,no,yes,0,no,unfurnished
134,122,5950000,6254,4,2,1,yes,no,yes,no,no,1,yes,semi-furnished
135,141,5950000,6660,4,2,2,yes,yes,yes,no,no,1,yes,semi-furnished
136,132,5940000,5200,3,1,3,yes,no,no,no,yes,0,no,semi-furnished
137,130,5930000,4800,3,1,1,yes,yes,yes,no,no,0,no,unfurnished
138,138,5930000,5000,3,1,3,yes,no,no,no,yes,0,no,semi-furnished
139,150,5900000,5136,3,1,2,yes,yes,yes,no,yes,0,yes,unfurnished
140,146,5880000,10500,2,1,1,yes,no,no,no,no,1,no,semi-furnished
141,151,5870000,4400,4,1,2,yes,no,no,no,yes,2,yes,semi-furnished
142,143,5840000,4800,5,2,3,no,no,yes,yes,no,0,no,unfurnished
143,136,5840000,5400,4,2,2,yes,no,no,no,yes,2,no,unfurnished
144,142,5810000,10500,4,2,2,yes,no,no,no,no,1,no,semi-furnished
145,139,5800000,6360,3,1,1,yes,yes,yes,no,yes,2,yes,furnished
146,157,5760000,2817,4,2,2,no,yes,yes,no,no,1,no,furnished
147,161,5740000,6100,3,1,3,yes,yes,no,no,yes,0,yes,semi-furnished
148,140,5740000,5800,3,2,4,yes,no,no,no,yes,0,no,unfurnished
149,148,5730000,6360,3,1,3,yes,no,no,no,no,0,yes,semi-furnished
150,153,5730000,3300,3,3,2,yes,no,yes,no,no,0,no,semi-furnished
151,158,5710000,7980,3,1,1,yes,no,no,no,no,2,no,semi-furnished
152,160,5700000,6210,4,1,4,yes,yes,no,no,yes,0,no,furnished
153,152,5690000,5400,5,1,2,yes,yes,yes,no,yes,0,yes,furnished
154,144,5690000,4700,4,1,2,yes,yes,yes,no,yes,1,no,furnished
155,149,5690000,6600,4,2,1,yes,no,yes,no,no,0,yes,semi-furnished
156,147,5670000,5500,3,2,2,yes,no,no,no,no,1,no,semi-furnished
157,145,5640000,5000,3,1,4,yes,no,no,no,no,0,no,furnished
158,155,5620000,6100,3,2,1,yes,no,yes,no,no,2,yes,furnished
159,154,5610000,3650,3,2,2,yes,no,no,no,no,2,no,semi-furnished
160,163,5570000,6825,3,1,1,yes,yes,yes,no,yes,0,yes,semi-furnished
161,172,5560000,8400,3,1,2,yes,yes,yes,no,yes,2,yes,unfurnished
162,164,5540000,6710,3,2,2,yes,yes,yes,no,no,1,yes,furnished
163,162,5540000,6600,4,2,2,yes,yes,yes,no,no,0,yes,semi-furnished
164,159,5530000,3150,3,2,1,yes,yes,yes,no,yes,0,no,furnished
165,156,5530000,6900,3,1,1,yes,yes,yes,no,no,0,yes,semi-furnished
166,181,5510000,7200,3,1,2,yes,yes,yes,no,no,1,yes,furnished
167,166,5500000,7800,3,1,1,yes,no,yes,no,yes,2,yes,unfurnished
168,175,5490000,9800,4,2,2,yes,yes,no,no,no,2,no,semi-furnished
169,179,5440000,3180,3,2,2,yes,no,no,no,no,2,no,semi-furnished
170,180,5430000,4500,4,2,1,no,no,yes,no,yes,2,no,semi-furnished
171,165,5420000,6450,3,2,1,yes,yes,yes,yes,no,0,no,unfurnished
172,173,5410000,5300,4,2,1,yes,no,no,no,yes,0,yes,unfurnished
173,176,5380000,8520,3,1,1,yes,no,no,no,yes,2,no,furnished
174,188,5380000,5720,2,1,2,yes,no,no,no,yes,0,yes,unfurnished
175,177,5370000,6050,3,1,1,yes,no,yes,no,no,0,yes,semi-furnished
176,182,5340000,3410,3,1,2,no,no,no,no,yes,0,no,semi-furnished
177,192,5330000,6600,3,1,1,yes,yes,yes,no,no,0,yes,furnished
178,174,5320000,3800,3,1,2,yes,yes,yes,no,no,1,yes,unfurnished
179,169,5310000,6540,4,2,2,no,no,no,no,yes,0,no,semi-furnished
180,171,5290000,10269,3,1,1,yes,no,no,no,no,1,yes,semi-furnished
181,167,5290000,4600,2,2,1,yes,no,no,no,yes,2,no,semi-furnished
182,178,5280000,7085,3,1,1,yes,yes,yes,no,no,2,yes,semi-furnished
183,183,5280000,7980,3,1,1,yes,no,no,no,no,1,yes,semi-furnished
184,170,5280000,5500,3,2,1,yes,no,yes,no,no,0,no,semi-furnished
185,186,5270000,11410,2,1,2,yes,no,no,no,no,0,yes,furnished
186,189,5270000,3540,2,1,1,no,yes,yes,no,no,0,no,semi-furnished
187,168,5260000,4260,4,1,2,yes,no,yes,no,yes,0,no,furnished
188,185,5230000,3000,3,1,2,yes,no,yes,no,no,0,no,unfurnished
189,210,5190000,4646,3,1,2,yes,yes,yes,no,no,2,no,semi-furnished
190,204,5170000,4770,3,1,1,yes,yes,yes,no,no,0,no,semi-furnished
191,206,5150000,5800,2,1,1,yes,yes,yes,no,yes,0,no,semi-furnished
192,205,5140000,6300,3,1,1,yes,no,no,no,yes,2,no,semi-furnished
193,187,5140000,6100,3,1,1,yes,no,yes,no,yes,0,yes,semi-furnished
194,197,5130000,2800,3,2,2,no,no,yes,no,yes,1,no,semi-furnished
195,184,5120000,3000,3,2,2,yes,yes,yes,no,no,0,no,furnished
196,199,5120000,4200,3,1,2,yes,no,no,no,no,1,no,furnished
197,198,5110000,5948,3,1,2,yes,no,no,no,yes,0,no,semi-furnished
198,191,5110000,10700,3,1,2,yes,yes,yes,no,no,0,no,semi-furnished
199,211,5110000,12900,3,1,1,yes,no,no,no,no,2,no,furnished
200,217,5100000,6862,3,1,2,yes,no,no,no,yes,2,yes,furnished
201,194,5080000,8150,3,2,1,yes,yes,yes,no,no,0,no,semi-furnished
202,220,5070000,8100,4,1,4,yes,no,yes,no,yes,2,no,semi-furnished
203,216,5070000,6040,3,1,1,yes,no,no,no,no,2,yes,semi-furnished
204,190,5060000,7600,4,1,2,yes,no,no,no,yes,2,no,furnished
205,193,5050000,4800,2,1,1,yes,yes,yes,no,no,0,no,semi-furnished
206,218,5040000,4815,2,1,1,yes,no,no,no,yes,0,yes,semi-furnished
207,214,5020000,4350,2,1,1,yes,no,yes,no,no,0,no,unfurnished
208,209,5020000,6720,3,1,1,yes,no,no,no,no,0,no,unfurnished
209,200,5020000,4520,3,1,2,yes,no,yes,no,yes,0,no,semi-furnished
210,202,5010000,4120,2,1,1,yes,no,yes,no,no,1,no,semi-furnished
211,195,5000000,4410,4,3,2,yes,no,yes,no,no,2,no,semi-furnished
212,213,5000000,4995,4,2,1,yes,no,yes,no,no,0,no,semi-furnished
213,224,5000000,10240,2,1,1,yes,no,no,no,yes,2,yes,unfurnished
214,203,4990000,5400,4,1,2,yes,no,no,no,no,0,no,semi-furnished
215,201,4980000,4095,3,1,2,no,yes,yes,no,yes,0,no,semi-furnished
216,196,4980000,7686,3,1,1,yes,yes,yes,yes,no,0,no,semi-furnished
217,208,4970000,2970,3,1,3,yes,no,no,no,no,0,no,semi-furnished
218,219,4960000,7000,3,1,2,yes,no,yes,no,no,0,no,unfurnished
219,212,4950000,3420,4,2,2,yes,no,yes,no,yes,2,no,semi-furnished
220,228,4950000,3630,3,1,2,yes,no,no,no,no,2,no,semi-furnished
221,221,4930000,3420,4,2,2,yes,no,no,no,no,0,no,semi-furnished
222,207,4920000,3000,3,1,2,yes,no,yes,no,yes,0,no,semi-furnished
223,225,4920000,6440,2,1,1,yes,no,no,no,yes,3,no,semi-furnished
224,215,4920000,4160,3,1,3,yes,no,no,no,no,0,no,unfurnished
225,223,4910000,6321,3,1,2,yes,no,yes,no,yes,1,no,furnished
226,222,4890000,9166,2,1,1,yes,no,yes,no,yes,2,no,semi-furnished
227,237,4870000,5010,3,1,2,yes,no,yes,no,no,0,no,semi-furnished
228,229,4860000,9667,4,2,2,yes,yes,yes,no,no,1,no,semi-furnished
229,232,4860000,3745,3,1,2,yes,no,yes,no,no,0,no,furnished
230,236,4860000,2870,2,1,2,yes,yes,yes,no,no,0,yes,semi-furnished
231,239,4850000,4000,3,1,2,yes,no,no,no,no,1,no,furnished
232,231,4840000,4320,3,1,1,yes,no,no,no,no,0,yes,semi-furnished
233,233,4840000,4160,3,1,1,yes,yes,yes,no,yes,0,no,unfurnished
234,240,4830000,3840,3,1,2,yes,no,no,no,no,1,yes,semi-furnished
235,226,4820000,5170,3,1,4,yes,no,no,no,yes,0,no,semi-furnished
236,230,4810000,5400,2,1,2,yes,no,no,no,no,0,yes,semi-furnished
237,247,4810000,8400,4,1,4,yes,no,no,no,no,3,no,unfurnished
238,238,4780000,4510,4,2,2,yes,no,yes,no,no,0,no,semi-furnished
239,253,4730000,3520,2,1,2,yes,no,no,no,no,0,yes,furnished
240,250,4730000,3510,3,1,3,yes,no,no,no,no,0,no,semi-furnished
241,246,4730000,3520,3,1,1,yes,no,no,no,no,0,yes,semi-furnished
242,227,4730000,6000,2,1,1,yes,no,yes,no,yes,1,no,furnished
243,242,4720000,3640,3,1,2,yes,no,no,no,yes,0,no,furnished
244,241,4710000,3760,3,1,1,yes,no,no,no,no,2,no,semi-furnished
245,235,4710000,5680,3,1,2,yes,yes,no,no,yes,1,no,semi-furnished
246,251,4710000,3450,3,1,2,yes,no,yes,no,no,1,no,semi-furnished
247,261,4710000,3510,3,1,2,yes,no,no,no,no,0,no,semi-furnished
248,260,4690000,3162,3,1,2,yes,no,no,no,yes,1,no,furnished
249,248,4660000,4100,2,2,1,yes,yes,yes,no,no,0,no,semi-furnished
250,234,4650000,3880,3,2,2,yes,no,yes,no,no,2,no,semi-furnished
251,267,4650000,4920,3,1,2,yes,no,no,no,no,1,no,semi-furnished
252,265,4640000,2880,3,1,2,yes,no,no,no,no,0,yes,semi-furnished
253,244,4630000,5320,3,1,2,yes,yes,yes,no,no,0,yes,semi-furnished
254,249,4630000,4990,4,2,2,yes,yes,yes,no,no,0,yes,furnished
255,269,4610000,3900,3,1,2,yes,no,no,no,no,0,no,unfurnished
256,245,4580000,5360,3,1,2,yes,no,no,no,no,2,yes,unfurnished
257,252,4580000,9860,3,1,1,yes,no,no,no,no,0,no,semi-furnished
258,257,4580000,8250,3,1,1,yes,no,no,no,no,0,no,furnished
259,272,4570000,4075,3,1,1,yes,yes,yes,no,no,2,no,semi-furnished
260,243,4560000,2550,3,1,2,yes,no,yes,no,no,0,no,furnished
261,259,4550000,6360,2,1,1,yes,no,yes,no,yes,1,no,furnished
262,255,4550000,5885,2,1,1,yes,no,no,no,yes,1,no,unfurnished
263,254,4550000,4510,4,1,2,yes,no,no,no,yes,2,no,semi-furnished
264,262,4540000,3750,2,1,1,yes,yes,yes,no,no,0,no,semi-furnished
265,266,4540000,4880,3,1,1,yes,no,no,no,no,2,yes,unfurnished
266,279,4520000,6360,2,1,1,yes,no,no,no,no,0,no,furnished
267,268,4520000,4950,4,1,2,yes,no,no,no,yes,0,no,semi-furnished
268,277,4500000,10360,2,1,1,yes,no,no,no,no,1,yes,semi-furnished
269,276,4500000,4400,2,1,1,yes,no,no,no,no,1,no,semi-furnished
270,258,4500000,4040,3,1,2,yes,no,no,no,no,1,no,semi-furnished
271,256,4490000,4000,3,1,2,yes,no,no,no,no,2,no,furnished
272,284,4490000,7770,2,1,1,yes,no,no,no,no,1,no,furnished
273,273,4480000,3500,4,1,2,yes,no,no,no,no,2,no,furnished
274,274,4440000,6450,4,1,2,yes,no,no,no,no,0,no,semi-furnished
275,292,4440000,2747,4,2,2,no,no,no,no,no,0,no,semi-furnished
276,295,4430000,2325,3,1,2,no,no,no,no,no,0,no,semi-furnished
277,285,4430000,6650,3,1,2,yes,yes,no,no,no,0,no,semi-furnished
278,263,4430000,3968,3,1,2,no,no,no,no,no,0,no,semi-furnished
279,302,4430000,2145,3,1,3,yes,no,no,no,no,1,yes,unfurnished
280,264,4420000,4900,2,1,2,yes,no,yes,no,no,0,no,semi-furnished
281,275,4410000,4032,2,1,1,yes,no,yes,no,no,0,no,furnished
282,270,4400000,4500,3,2,3,yes,no,no,yes,no,1,no,furnished
283,299,4380000,7000,3,1,1,yes,no,no,no,no,3,no,furnished
284,291,4360000,2953,3,1,2,yes,no,yes,no,yes,0,no,unfurnished
285,271,4360000,1905,5,1,2,no,no,yes,no,no,0,no,semi-furnished
286,290,4340000,2610,4,3,2,no,no,no,no,no,0,no,semi-furnished
287,286,4330000,2787,3,1,1,yes,no,yes,no,no,0,yes,furnished
288,311,4330000,6060,2,1,1,yes,no,yes,no,no,1,no,semi-furnished
289,301,4330000,3520,3,1,2,yes,no,no,no,no,0,yes,semi-furnished
290,300,4330000,4079,3,1,3,yes,no,no,no,no,0,no,semi-furnished
291,298,4330000,5800,3,1,1,yes,no,no,yes,no,2,no,semi-furnished
292,308,4320000,4046,3,1,2,yes,no,yes,no,no,1,no,semi-furnished
293,280,4320000,6360,2,1,2,yes,no,no,no,no,0,no,unfurnished
294,283,4320000,4360,4,1,2,yes,no,no,no,no,0,no,furnished
295,312,4310000,3600,3,1,1,yes,no,yes,no,yes,0,yes,furnished
296,294,4310000,4000,4,2,2,no,no,no,no,no,0,no,semi-furnished
297,288,4310000,5040,3,1,2,yes,no,yes,no,yes,0,no,unfurnished
298,287,4300000,5500,3,1,2,yes,no,no,no,yes,0,no,unfurnished
299,303,4300000,4500,3,1,1,yes,no,yes,no,no,0,no,furnished
300,296,4290000,4600,3,2,2,yes,no,no,no,yes,1,no,semi-furnished
301,282,4290000,2175,3,1,2,no,yes,yes,no,yes,0,no,unfurnished
302,309,4290000,4632,4,1,2,yes,no,no,no,yes,0,no,semi-furnished
303,297,4280000,3640,3,2,2,yes,no,yes,no,no,0,no,unfurnished
304,278,4280000,3400,3,1,2,yes,no,yes,no,no,2,yes,semi-furnished
305,281,4280000,4500,2,1,1,yes,no,no,no,yes,2,no,furnished
306,313,4270000,3680,3,2,2,yes,no,no,no,no,0,no,semi-furnished
307,305,4270000,3450,3,1,2,yes,no,no,no,no,1,no,semi-furnished
308,304,4270000,8250,3,1,1,yes,no,yes,no,no,3,no,semi-furnished
309,306,4270000,4840,3,1,2,yes,no,no,no,no,1,no,semi-furnished
310,293,4250000,4410,2,1,1,no,no,no,no,no,1,no,unfurnished
311,324,4240000,4500,3,1,2,no,no,yes,no,yes,0,no,semi-furnished
312,315,4230000,5600,2,1,1,yes,no,no,no,yes,0,no,semi-furnished
313,321,4220000,3630,3,2,2,yes,no,no,yes,no,2,no,semi-furnished
314,329,4220000,3960,3,1,2,yes,no,no,no,no,0,no,furnished
315,325,4210000,3460,4,1,2,yes,no,no,no,yes,0,no,semi-furnished
316,289,4210000,5850,2,1,1,yes,yes,yes,no,no,2,no,semi-furnished
317,322,4210000,3460,3,2,1,yes,no,yes,no,yes,1,no,furnished
318,318,4200000,4340,3,1,1,yes,no,no,no,no,0,no,semi-furnished
319,316,4190000,5900,4,2,2,no,no,yes,no,no,1,no,unfurnished
320,317,4180000,4992,3,2,2,yes,no,no,no,no,2,no,unfurnished
321,307,4170000,4080,3,1,2,yes,no,no,no,no,2,no,semi-furnished
322,320,4160000,4320,3,1,2,yes,no,no,no,no,2,yes,furnished
323,314,4160000,4040,2,1,2,yes,no,no,no,no,1,no,semi-furnished
324,328,4160000,4500,3,2,2,no,no,yes,no,yes,0,no,semi-furnished
325,310,4140000,5985,3,1,1,yes,no,yes,no,no,0,no,semi-furnished
326,327,4120000,6480,3,1,2,no,no,no,no,yes,1,no,semi-furnished
327,326,4110000,4100,4,1,1,no,no,yes,no,no,0,no,unfurnished
328,334,4100000,3290,2,1,1,yes,no,no,yes,no,1,no,furnished
329,323,4090000,5400,3,1,1,yes,no,no,no,no,3,no,semi-furnished
330,333,4070000,3000,3,1,2,yes,no,no,no,no,0,no,semi-furnished
331,319,4070000,3000,4,1,3,yes,no,yes,no,yes,2,no,semi-furnished
332,330,4060000,4050,2,1,2,yes,yes,yes,no,no,0,yes,unfurnished
333,341,4040000,3180,2,2,1,yes,no,yes,no,no,2,no,semi-furnished
334,343,4020000,4080,2,1,1,yes,no,no,no,no,0,no,semi-furnished
335,336,4010000,8080,3,1,1,yes,no,no,no,yes,2,no,semi-furnished
336,339,4010000,3180,4,2,2,yes,no,no,no,no,0,no,furnished
337,340,4010000,5300,5,2,2,yes,no,no,no,no,0,no,semi-furnished
338,335,4000000,3816,2,1,1,yes,no,yes,no,yes,2,no,furnished
339,345,3990000,2015,3,1,2,yes,no,yes,no,no,0,yes,semi-furnished
340,352,3990000,5830,2,1,1,yes,no,no,no,no,2,no,unfurnished
341,331,3990000,7260,3,2,1,yes,yes,yes,no,no,3,no,furnished
342,337,3980000,2145,4,2,1,yes,no,yes,no,no,0,yes,unfurnished
343,357,3970000,6930,4,1,2,no,no,no,no,no,1,no,furnished
344,349,3970000,4820,3,1,2,yes,no,no,no,no,0,no,semi-furnished
345,342,3960000,7152,3,1,2,yes,no,no,no,yes,0,no,furnished
346,338,3960000,3780,2,1,2,yes,yes,yes,no,no,0,no,semi-furnished
347,355,3950000,8250,3,1,1,yes,no,no,no,no,2,no,furnished
348,350,3930000,3420,2,1,2,yes,no,no,yes,no,1,no,semi-furnished
349,332,3920000,5500,4,1,2,yes,yes,yes,no,no,0,no,semi-furnished
350,344,3900000,3850,2,1,1,yes,no,no,no,no,0,no,semi-furnished
351,356,3880000,2520,5,2,1,no,no,yes,no,yes,1,no,furnished
352,346,3870000,2176,2,1,2,yes,yes,no,no,no,0,yes,semi-furnished
353,347,3860000,3350,3,1,2,yes,no,no,no,no,0,no,unfurnished
354,365,3850000,5450,2,1,1,yes,no,no,no,no,0,no,furnished
355,358,3840000,3480,2,1,1,yes,no,no,no,no,0,yes,semi-furnished
356,351,3840000,3600,2,1,1,yes,no,no,no,no,0,no,semi-furnished
357,348,3840000,3150,2,2,1,no,no,yes,no,no,0,no,semi-furnished
358,370,3830000,4280,2,1,1,yes,no,no,no,yes,2,no,semi-furnished
359,379,3820000,3520,3,1,1,yes,no,no,no,no,2,yes,unfurnished
360,368,3820000,5640,2,1,1,no,no,no,no,no,0,no,semi-furnished
361,353,3820000,2856,3,1,3,yes,no,no,no,no,0,yes,furnished
362,362,3810000,4050,2,1,1,yes,no,no,no,no,0,no,furnished
363,361,3800000,6020,3,1,1,yes,no,no,no,no,0,no,semi-furnished
364,363,3800000,3584,2,1,1,yes,no,no,yes,no,0,no,semi-furnished
365,369,3800000,3600,2,1,1,yes,no,no,no,no,0,no,furnished
366,367,3800000,3630,2,1,1,yes,no,no,no,yes,0,no,unfurnished
367,380,3790000,4500,2,1,1,yes,no,no,no,no,0,no,semi-furnished
368,354,3790000,8400,2,1,1,yes,no,no,no,no,1,no,furnished
369,364,3790000,3120,3,1,2,no,no,yes,yes,no,0,no,semi-furnished
370,360,3790000,4040,2,1,1,yes,no,no,no,no,0,no,semi-furnished
371,381,3770000,4000,2,1,1,yes,no,no,no,no,0,yes,semi-furnished
372,373,3770000,3000,2,1,2,yes,no,no,no,yes,0,no,furnished
373,359,3770000,3600,3,1,1,yes,no,no,no,no,1,no,unfurnished
374,366,3770000,3630,2,1,1,yes,no,yes,no,no,0,no,furnished
375,376,3760000,4130,3,2,2,yes,no,no,no,no,2,no,semi-furnished
376,371,3750000,3570,3,1,2,yes,no,yes,no,no,0,no,semi-furnished
377,375,3730000,5960,3,1,2,yes,yes,yes,no,no,0,no,unfurnished
378,383,3730000,4500,4,2,2,yes,no,yes,no,no,2,no,furnished
379,377,3720000,2850,3,2,2,no,no,yes,no,no,0,yes,unfurnished
380,392,3710000,3990,3,1,2,yes,no,no,no,no,0,no,semi-furnished
381,390,3700000,2135,3,2,2,no,no,no,no,no,0,no,unfurnished
382,396,3700000,3640,2,1,1,yes,no,no,no,no,1,no,semi-furnished
383,372,3690000,3180,3,1,2,no,no,yes,no,no,0,no,semi-furnished
384,399,3690000,7350,2,1,1,yes,no,no,no,no,1,no,semi-furnished
385,400,3680000,3512,2,1,1,yes,no,no,no,no,1,yes,unfurnished
386,402,3680000,5880,2,1,1,yes,no,no,no,no,0,no,unfurnished
387,374,3670000,3520,2,2,1,yes,no,yes,no,no,0,no,semi-furnished
388,387,3650000,4240,3,1,2,yes,no,no,no,yes,0,no,semi-furnished
389,378,3650000,2275,3,1,3,yes,no,no,yes,yes,0,yes,semi-furnished
390,384,3640000,4500,2,1,1,no,no,no,no,no,0,no,furnished
391,401,3640000,9500,3,1,2,yes,no,no,no,no,3,yes,unfurnished
392,405,3620000,3060,3,1,1,yes,no,no,no,no,0,no,unfurnished
393,382,3610000,3150,3,1,2,yes,no,yes,no,no,0,no,furnished
394,409,3600000,3185,2,1,1,yes,no,no,no,no,2,no,unfurnished
395,403,3600000,12944,3,1,1,yes,no,no,no,no,0,no,unfurnished
396,391,3600000,3036,3,1,2,yes,no,yes,no,no,0,no,semi-furnished
397,407,3590000,2145,3,1,3,yes,no,no,no,no,0,yes,furnished
398,386,3580000,3850,3,1,1,yes,no,no,no,no,2,no,unfurnished
399,388,3570000,3650,3,1,2,yes,no,no,no,no,0,no,unfurnished
400,385,3570000,3640,2,1,1,yes,no,no,no,no,0,no,unfurnished
401,410,3560000,3850,3,1,1,yes,no,no,no,no,0,no,unfurnished
402,404,3550000,4900,3,1,2,no,no,no,no,no,0,no,unfurnished
403,418,3550000,3500,4,1,2,yes,no,no,no,yes,2,no,unfurnished
404,394,3550000,3480,3,1,1,no,no,no,no,yes,0,no,unfurnished
405,398,3540000,3120,3,1,2,yes,no,no,no,no,1,no,unfurnished
406,395,3540000,3600,6,1,2,yes,no,no,no,no,1,no,unfurnished
407,426,3530000,2700,3,1,1,no,no,no,no,no,0,no,furnished
408,417,3530000,3640,2,1,1,yes,no,no,no,no,0,no,furnished
409,389,3520000,4600,4,1,2,yes,no,no,no,no,0,no,semi-furnished
410,411,3520000,2145,3,1,3,yes,no,no,no,no,0,yes,furnished
411,413,3520000,1950,3,2,2,yes,no,yes,no,no,0,yes,unfurnished
412,393,3510000,7424,3,1,1,no,no,no,no,no,0,no,unfurnished
413,406,3510000,5320,2,1,1,yes,no,no,no,no,1,yes,unfurnished
414,397,3510000,5900,2,1,1,yes,no,no,no,no,1,no,furnished
415,412,3500000,2610,3,1,2,yes,no,yes,no,no,0,yes,unfurnished
416,415,3500000,4785,3,1,2,yes,yes,yes,no,yes,1,no,furnished
417,423,3490000,3750,3,1,1,yes,no,no,no,no,0,no,unfurnished
418,424,3490000,3100,3,1,2,no,no,yes,no,no,0,no,semi-furnished
419,421,3480000,4750,2,1,1,yes,no,no,no,no,0,no,unfurnished
420,408,3480000,4000,2,1,1,yes,no,no,no,no,0,no,unfurnished
421,420,3470000,4120,2,1,2,yes,no,no,no,no,0,no,unfurnished
422,435,3460000,4040,2,1,1,yes,no,no,no,no,0,no,unfurnished
423,414,3460000,4040,2,1,1,yes,no,no,no,no,0,no,unfurnished
424,437,3460000,5880,3,1,1,yes,no,no,no,no,1,no,unfurnished
425,419,3450000,4960,4,1,3,no,no,no,no,no,0,no,semi-furnished
426,439,3450000,3930,2,1,1,no,no,no,no,no,0,no,unfurnished
427,425,3430000,3185,2,1,1,yes,no,yes,no,no,2,no,furnished
428,422,3410000,3720,2,1,1,no,no,no,no,yes,0,no,unfurnished
429,416,3410000,3450,3,1,1,yes,no,yes,no,no,2,no,unfurnished
430,427,3410000,2145,3,1,2,yes,no,yes,no,no,0,yes,furnished
431,441,3410000,4370,3,1,2,yes,no,no,no,no,0,no,unfurnished
432,436,3410000,2145,3,1,2,yes,no,yes,no,no,0,yes,furnished
433,438,3390000,4500,2,1,1,no,no,no,no,no,0,no,semi-furnished
434,429,3390000,4775,4,1,2,yes,no,no,no,no,0,no,unfurnished
435,428,3390000,4040,2,1,1,yes,no,no,no,no,1,no,unfurnished
436,434,3370000,3792,4,1,2,yes,no,no,no,no,0,no,semi-furnished
437,432,3370000,6060,3,1,1,yes,yes,yes,no,no,0,no,furnished
438,442,3360000,2684,2,1,1,yes,no,no,no,yes,1,no,unfurnished
439,444,3350000,3120,3,1,2,no,no,no,no,no,0,no,furnished
440,433,3350000,3480,4,1,2,no,no,no,no,no,1,no,semi-furnished
441,440,3320000,3640,4,1,2,yes,no,yes,no,no,0,no,unfurnished
442,451,3300000,6750,2,1,1,yes,no,no,no,no,0,no,semi-furnished
443,431,3300000,3180,4,1,2,yes,no,yes,no,yes,0,no,unfurnished
444,456,3300000,2398,3,1,1,yes,no,no,no,no,0,yes,semi-furnished
445,430,3300000,2500,2,1,1,no,no,no,no,yes,0,no,unfurnished
446,443,3300000,4320,3,1,1,no,no,no,no,no,1,no,unfurnished
447,453,3300000,3069,2,1,1,yes,no,no,no,no,1,no,unfurnished
448,452,3280000,9000,3,1,2,yes,no,no,no,no,2,no,semi-furnished
449,445,3260000,3450,1,1,1,yes,no,no,no,no,0,no,furnished
450,455,3260000,5495,3,1,1,yes,no,yes,no,no,0,no,unfurnished
451,457,3240000,3000,3,1,1,no,no,no,no,yes,0,no,unfurnished
452,465,3220000,3800,2,1,1,yes,no,no,no,no,0,no,unfurnished
453,450,3210000,3450,3,1,2,yes,no,yes,no,no,0,no,semi-furnished
454,464,3210000,4500,2,1,2,yes,no,no,yes,no,1,no,semi-furnished
455,446,3210000,3986,2,2,1,no,yes,yes,no,no,1,no,unfurnished
456,466,3180000,3090,3,1,2,no,no,no,no,no,0,no,semi-furnished
457,448,3170000,4095,2,1,1,yes,no,no,no,no,2,no,semi-furnished
458,449,3160000,1650,3,1,2,no,no,yes,no,no,0,no,unfurnished
459,447,3160000,3500,2,1,1,no,no,yes,no,no,0,no,semi-furnished
460,458,3160000,3850,3,1,2,yes,no,no,no,no,0,no,unfurnished
461,454,3150000,4500,3,1,2,yes,no,no,no,yes,0,no,unfurnished
462,459,3150000,3500,2,1,1,yes,no,no,no,no,0,no,unfurnished
463,460,3150000,8100,2,1,1,yes,no,no,no,no,1,no,unfurnished
464,468,3130000,2835,2,1,1,yes,no,no,no,no,0,no,semi-furnished
465,461,3120000,4960,2,1,1,yes,no,yes,no,yes,0,no,unfurnished
466,483,3120000,6615,3,1,2,yes,no,no,no,no,0,no,semi-furnished
467,462,3100000,2160,3,1,2,no,no,yes,no,no,0,no,semi-furnished
468,471,3090000,3750,3,1,2,yes,no,no,no,no,0,no,unfurnished
469,482,3090000,3150,3,1,2,no,no,no,no,no,0,no,unfurnished
470,478,3090000,3600,3,1,2,no,no,no,no,no,1,no,unfurnished
471,469,3090000,4600,2,1,1,yes,no,no,no,no,0,no,furnished
472,463,3090000,3090,2,1,1,yes,yes,yes,no,no,0,no,unfurnished
473,473,3080000,8050,2,1,1,yes,no,no,no,no,0,no,unfurnished
474,467,3060000,3240,3,1,2,yes,no,no,no,no,2,no,semi-furnished
475,472,3050000,3630,4,1,2,yes,no,no,no,no,3,no,semi-furnished
476,474,3040000,4352,4,1,2,no,no,no,no,no,1,no,unfurnished
477,481,3040000,2700,2,1,1,no,no,no,no,no,0,no,furnished
478,470,3030000,5076,3,1,1,no,no,no,no,no,0,no,unfurnished
479,487,3010000,5400,4,1,2,yes,no,no,no,no,0,no,unfurnished
480,475,3000000,3000,2,1,2,yes,no,no,no,no,0,no,semi-furnished
481,491,3000000,2640,2,1,1,no,no,no,no,no,1,no,furnished
482,480,3000000,3480,3,1,2,no,no,no,no,no,1,no,semi-furnished
483,484,2990000,3040,2,1,1,no,no,no,no,no,0,no,unfurnished
484,479,2980000,3660,4,1,2,no,no,no,no,no,0,no,unfurnished
485,486,2980000,6000,2,1,1,yes,no,no,no,no,0,no,semi-furnished
486,477,2960000,4960,2,1,1,yes,no,no,no,no,0,no,unfurnished
487,485,2950000,3630,2,1,1,yes,no,no,no,no,0,no,unfurnished
488,476,2940000,5850,3,1,2,yes,no,yes,no,no,1,no,unfurnished
489,488,2920000,5200,4,1,3,yes,no,no,no,no,0,no,unfurnished
490,495,2890000,4000,3,1,2,yes,no,no,no,no,1,no,unfurnished
491,492,2870000,2650,3,1,2,yes,no,yes,no,no,1,no,unfurnished
492,489,2860000,3300,3,1,2,no,no,no,no,no,1,no,semi-furnished
493,494,2860000,6800,2,1,1,yes,no,no,no,no,0,no,unfurnished
494,490,2840000,4350,3,1,2,no,no,no,yes,no,1,no,unfurnished
495,493,2840000,3960,3,1,1,yes,no,no,no,no,0,no,furnished
496,504,2810000,3185,2,1,1,yes,no,no,no,yes,0,no,unfurnished
497,502,2810000,3480,2,1,1,yes,no,no,no,no,1,no,semi-furnished
498,503,2800000,4000,3,1,1,yes,no,no,no,no,0,no,semi-furnished
499,501,2800000,2430,3,1,1,no,no,no,no,no,0,no,unfurnished
500,499,2790000,3630,3,3,2,no,yes,no,no,no,0,no,unfurnished
501,496,2770000,4000,2,1,1,yes,no,no,no,no,0,no,unfurnished
502,505,2730000,4000,3,1,2,yes,no,no,no,yes,0,no,unfurnished
503,500,2710000,2800,3,1,1,yes,no,no,no,no,0,no,unfurnished
504,507,2710000,3600,2,1,1,yes,no,no,no,no,0,no,unfurnished
505,498,2680000,2000,2,1,2,yes,no,no,no,no,0,no,semi-furnished
506,497,2670000,3934,2,1,1,yes,no,no,no,no,0,no,unfurnished
507,510,2650000,2880,3,1,1,no,no,no,no,no,0,no,unfurnished
508,509,2650000,3600,2,2,2,yes,no,yes,no,no,1,no,furnished
509,506,2640000,2910,2,1,1,no,no,no,no,no,0,no,unfurnished
510,508,2620000,4400,2,1,1,yes,no,no,no,no,0,no,unfurnished
511,516,2590000,3240,2,1,1,no,yes,no,no,no,1,no,unfurnished
512,513,2560000,4400,3,1,2,yes,no,no,no,no,0,no,unfurnished
513,520,2560000,7700,2,1,1,yes,no,no,no,no,0,no,unfurnished
514,511,2550000,3180,3,1,1,no,no,no,no,no,0,no,unfurnished
515,514,2550000,3000,3,1,2,no,no,no,no,no,0,no,semi-furnished
516,515,2540000,3210,3,1,2,yes,no,yes,no,no,0,no,unfurnished
517,518,2530000,3500,2,1,1,yes,yes,no,no,no,0,no,unfurnished
518,512,2530000,3000,2,1,2,yes,no,no,no,no,0,no,furnished
519,517,2510000,3000,2,1,1,yes,no,no,no,no,1,no,unfurnished
520,519,2470000,4840,2,1,2,yes,no,no,no,no,0,no,unfurnished
521,521,2470000,3635,2,1,1,no,no,no,no,no,0,no,unfurnished
522,525,2450000,3640,2,1,1,yes,no,no,no,no,0,no,unfurnished
523,524,2440000,3264,2,1,1,yes,no,no,no,no,0,no,unfurnished
524,522,2440000,2475,3,1,2,yes,no,no,no,no,0,no,furnished
525,523,2420000,2787,4,2,2,yes,no,no,no,no,0,no,furnished
526,527,2410000,1836,2,1,1,no,no,yes,no,no,0,no,semi-furnished
527,526,2330000,3180,2,1,1,yes,no,no,no,no,0,no,unfurnished
528,528,2310000,3970,1,1,1,no,no,no,no,no,0,no,unfurnished
529,531,2310000,5300,3,1,1,no,no,no,no,yes,0,yes,unfurnished
530,529,2290000,3970,3,1,2,yes,no,yes,no,no,0,no,unfurnished
531,530,2260000,1950,3,1,1,no,no,no,yes,no,0,no,unfurnished
532,534,2230000,3000,4,1,2,yes,no,no,no,no,0,no,unfurnished
533,532,2220000,3000,2,1,1,no,no,no,no,no,0,no,unfurnished
534,535,2140000,3360,2,1,1,yes,no,no,no,no,1,no,unfurnished
535,533,2130000,2400,3,1,2,yes,no,no,no,no,0,no,unfurnished
536,536,2010000,3420,5,1,2,no,no,no,no,no,0,no,unfurnished
537,539,1970000,2990,2,1,1,no,no,no,no,no,1,no,unfurnished
538,537,1960000,1700,3,1,2,yes,no,no,no,no,0,no,unfurnished
539,538,1930000,3649,2,1,1,yes,no,no,no,no,0,no,unfurnished
540,540,1920000,3000,2,1,1,yes,no,yes,no,no,2,no,unfurnished
541,542,1830000,3620,2,1,1,yes,no,no,no,no,0,no,unfurnished
542,544,1810000,3850,3,1,2,yes,no,no,no,no,0,no,unfurnished
543,541,1800000,2400,3,1,1,no,no,no,no,no,0,no,semi-furnished
544,543,1750000,2910,3,1,1,no,no,no,no,no,0,no,furnished
